Order_ID,Product_ID,Location_ID,Sales_Person_ID,Customer_ID,Order_Date,Quantity,Price
OID10004,PID2029,A142,EMP1019,C1078,23-02-2021,4,1848
OID10014,PID2079,A152,EMP1041,C1073,24-02-2021,1,1725
OID10027,PID2062,A126,EMP1001,C1256,13-03-2021,1,2464
OID10032,PID2083,A156,EMP1025,C1342,17-01-2021,1,2141
OID10042,PID2100,A147,EMP1019,C1267,03-01-2021,1,799
OID10061,PID2041,A101,EMP1041,C1168,18-02-2021,1,1380
OID10070,PID2046,A159,EMP1040,C1147,03-01-2021,1,2410
OID10071,PID2091,A121,EMP1016,C1755,06-01-2021,3,368
OID10074,PID2038,A121,EMP1042,C1732,25-02-2021,1,392
OID10086,PID2054,A130,EMP1023,C1526,14-01-2021,1,127
OID10096,PID2005,A133,EMP1037,C1791,08-02-2021,1,684
OID10098,PID2098,A119,EMP1022,C1467,08-03-2021,1,1178
OID10133,PID2045,A104,EMP1038,C1350,24-01-2021,1,556
OID10145,PID2033,A111,EMP1007,C1666,03-02-2021,2,2182
OID10155,PID2027,A111,EMP1024,C1176,05-01-2021,1,2497
OID10162,PID2030,A158,EMP1015,C1120,09-02-2021,2,1899
OID10173,PID2093,A115,EMP1040,C1566,18-01-2021,3,112
OID10180,PID2011,A148,EMP1006,C1350,26-01-2021,4,530
OID10199,PID2100,A115,EMP1001,C1350,13-03-2021,2,799
OID10208,PID2054,A132,EMP1029,C1194,14-03-2021,1,127
OID10209,PID2043,A120,EMP1040,C1571,08-03-2021,3,545
OID10218,PID2029,A123,EMP1018,C1612,11-01-2021,3,1848
OID10230,PID2078,A115,EMP1005,C1455,04-01-2021,1,1798
OID10232,PID2081,A143,EMP1035,C1572,23-02-2021,1,1566
OID10243,PID2004,A108,EMP1020,C1529,09-02-2021,4,1278
OID10259,PID2040,A139,EMP1029,C1528,31-01-2021,1,1889
OID10268,PID2043,A125,EMP1025,C1124,15-03-2021,2,545
OID10295,PID2076,A111,EMP1003,C1552,06-03-2021,3,1522
OID10303,PID2052,A135,EMP1034,C1073,03-03-2021,3,1526
OID10307,PID2098,A155,EMP1005,C1203,14-03-2021,2,1178
OID10308,PID2081,A145,EMP1029,C1070,18-01-2021,3,1566
OID10313,PID2012,A170,EMP1002,C1780,20-02-2021,3,1353
OID10323,PID2010,A134,EMP1038,C1407,14-02-2021,3,1812
OID10324,PID2027,A108,EMP1002,C1582,31-01-2021,1,2497
OID10331,PID2032,A141,EMP1043,C1002,11-01-2021,1,1967
OID10335,PID2023,A134,EMP1033,C1370,07-03-2021,1,818
OID10337,PID2061,A155,EMP1031,C1347,19-02-2021,4,913
OID10350,PID2000,A129,EMP1008,C1648,14-03-2021,1,2241
OID10355,PID2040,A151,EMP1010,C1776,23-02-2021,2,1889
OID10360,PID2041,A126,EMP1003,C1212,03-03-2021,1,1380
OID10381,PID2024,A138,EMP1018,C1791,22-01-2021,3,356
OID10405,PID2062,A159,EMP1036,C1460,06-02-2021,3,2464
OID10411,PID2100,A164,EMP1010,C1252,27-02-2021,1,799
OID10439,PID2056,A157,EMP1001,C1036,28-02-2021,1,1635
OID10452,PID2094,A168,EMP1039,C1488,21-01-2021,1,771
OID10457,PID2099,A164,EMP1036,C1761,15-01-2021,2,1367
OID10472,PID2031,A129,EMP1020,C1221,03-02-2021,1,1638
OID10476,PID2041,A132,EMP1022,C1453,08-02-2021,1,1380
OID10478,PID2066,A105,EMP1003,C1617,01-02-2021,2,2091
OID10495,PID2099,A146,EMP1043,C1000,03-02-2021,3,1367
OID10512,PID2099,A129,EMP1037,C1482,23-02-2021,3,1367
OID10513,PID2059,A138,EMP1029,C1277,17-02-2021,1,1494
OID10521,PID2042,A108,EMP1011,C1442,27-01-2021,1,203
OID10546,PID2003,A137,EMP1033,C1029,04-02-2021,2,1783
OID10569,PID2074,A161,EMP1021,C1240,14-02-2021,4,504
OID10649,PID2030,A120,EMP1023,C1595,03-01-2021,1,1899
OID10654,PID2003,A127,EMP1034,C1577,17-02-2021,1,1783
OID10661,PID2083,A142,EMP1043,C1267,21-02-2021,2,2141
OID10670,PID2072,A140,EMP1006,C1217,16-01-2021,1,1887
OID10685,PID2038,A145,EMP1026,C1583,16-01-2021,3,392
OID10703,PID2074,A104,EMP1032,C1273,09-02-2021,1,504
OID10710,PID2041,A124,EMP1010,C1639,07-01-2021,2,1380
OID10715,PID2054,A154,EMP1032,C1542,07-01-2021,1,127
OID10722,PID2027,A170,EMP1025,C1035,30-01-2021,3,2497
OID10726,PID2036,A102,EMP1019,C1374,14-02-2021,2,1582
OID10733,PID2024,A148,EMP1013,C1327,20-01-2021,4,356
OID10771,PID2022,A157,EMP1026,C1007,13-03-2021,1,561
OID10783,PID2061,A168,EMP1017,C1521,09-01-2021,1,913
OID10808,PID2027,A146,EMP1011,C1442,24-02-2021,1,2497
OID10820,PID2013,A135,EMP1034,C1406,05-03-2021,1,368
OID10826,PID2065,A147,EMP1034,C1168,01-01-2021,1,2396
OID10880,PID2068,A123,EMP1032,C1596,05-02-2021,1,1500
OID10920,PID2077,A132,EMP1000,C1586,14-01-2021,1,530
OID10925,PID2055,A151,EMP1012,C1185,14-01-2021,1,2495
OID10935,PID2097,A134,EMP1022,C1304,25-02-2021,1,1052
OID10971,PID2081,A131,EMP1033,C1026,05-02-2021,1,1566
OID11010,PID2007,A162,EMP1016,C1567,26-01-2021,2,1405
OID11039,PID2031,A145,EMP1031,C1483,21-02-2021,2,1638
OID11071,PID2061,A172,EMP1017,C1714,01-03-2021,1,913
OID11086,PID2055,A142,EMP1040,C1505,12-02-2021,4,2495
OID11109,PID2037,A154,EMP1012,C1085,02-02-2021,1,880
OID11128,PID2069,A134,EMP1010,C1687,14-01-2021,1,378
OID11134,PID2012,A120,EMP1019,C1779,05-03-2021,3,1353
OID11172,PID2007,A124,EMP1042,C1308,02-03-2021,1,1405
OID11175,PID2033,A129,EMP1038,C1647,05-01-2021,1,2182
OID11206,PID2007,A142,EMP1002,C1726,06-01-2021,4,1405
OID11210,PID2001,A109,EMP1026,C1237,19-01-2021,1,951
OID11213,PID2012,A102,EMP1043,C1477,23-01-2021,2,1353
OID11222,PID2092,A153,EMP1005,C1544,22-02-2021,3,1639
OID11246,PID2060,A109,EMP1008,C1138,11-03-2021,1,1467
OID11254,PID2020,A160,EMP1037,C1796,02-01-2021,1,2005
OID11258,PID2091,A149,EMP1041,C1284,27-02-2021,1,368
OID11261,PID2077,A131,EMP1036,C1274,04-03-2021,2,530
OID11282,PID2005,A102,EMP1018,C1754,14-02-2021,3,684
OID11285,PID2088,A127,EMP1033,C1059,10-02-2021,3,603
OID11289,PID2007,A111,EMP1019,C1355,16-01-2021,1,1405
OID11293,PID2043,A104,EMP1031,C1008,09-01-2021,1,545
OID11327,PID2059,A112,EMP1039,C1353,01-01-2021,1,1494
OID11329,PID2052,A123,EMP1002,C1311,23-02-2021,3,1526
OID11330,PID2047,A134,EMP1025,C1710,08-02-2021,1,290
OID11368,PID2071,A103,EMP1011,C1768,21-02-2021,1,136
OID11370,PID2031,A173,EMP1022,C1781,14-02-2021,3,1638
OID11399,PID2020,A144,EMP1002,C1684,12-01-2021,1,2005
OID11414,PID2066,A132,EMP1021,C1269,03-02-2021,1,2091
OID11421,PID2000,A166,EMP1012,C1410,09-02-2021,3,2241
OID11425,PID2031,A102,EMP1011,C1152,01-02-2021,1,1638
OID11445,PID2019,A125,EMP1022,C1048,12-01-2021,1,800
OID11446,PID2093,A102,EMP1008,C1743,05-03-2021,1,112
OID11508,PID2020,A149,EMP1010,C1237,31-01-2021,1,2005
OID11511,PID2028,A157,EMP1040,C1131,15-02-2021,1,2283
OID11516,PID2088,A150,EMP1023,C1115,26-01-2021,3,603
OID11563,PID2062,A106,EMP1036,C1457,11-02-2021,3,2464
OID11564,PID2037,A100,EMP1025,C1080,23-01-2021,2,880
OID11575,PID2093,A128,EMP1020,C1359,21-02-2021,1,112
OID11587,PID2021,A173,EMP1010,C1138,24-02-2021,2,217
OID11610,PID2089,A108,EMP1040,C1189,31-01-2021,4,2294
OID11617,PID2085,A124,EMP1013,C1331,12-02-2021,4,1862
OID11627,PID2035,A131,EMP1022,C1577,04-01-2021,1,458
OID11633,PID2044,A172,EMP1036,C1659,11-01-2021,2,886
OID11676,PID2078,A130,EMP1015,C1458,17-01-2021,3,1798
OID11689,PID2014,A152,EMP1034,C1542,23-02-2021,1,1809
OID11713,PID2051,A120,EMP1003,C1619,07-01-2021,2,1077
OID11715,PID2005,A149,EMP1039,C1251,08-02-2021,1,684
OID11733,PID2033,A167,EMP1014,C1137,10-01-2021,1,2182
OID11754,PID2049,A110,EMP1008,C1368,22-02-2021,1,826
OID11779,PID2022,A140,EMP1016,C1800,03-01-2021,1,561
OID11796,PID2058,A138,EMP1001,C1440,25-01-2021,3,2257
OID11797,PID2092,A135,EMP1036,C1723,09-03-2021,1,1639
OID11798,PID2049,A143,EMP1004,C1257,13-01-2021,2,826
OID11807,PID2023,A119,EMP1024,C1244,09-01-2021,3,818
OID11833,PID2092,A153,EMP1043,C1744,11-02-2021,1,1639
OID11870,PID2038,A156,EMP1020,C1374,18-02-2021,1,392
OID11873,PID2048,A123,EMP1018,C1406,07-02-2021,1,502
OID11894,PID2064,A131,EMP1036,C1303,04-03-2021,4,1414
OID11947,PID2000,A111,EMP1001,C1065,14-02-2021,1,2241
OID11952,PID2047,A169,EMP1042,C1648,01-01-2021,3,290
OID11975,PID2031,A112,EMP1029,C1752,07-03-2021,2,1638
OID11978,PID2000,A144,EMP1032,C1073,20-02-2021,1,2241
OID11987,PID2086,A161,EMP1010,C1092,12-01-2021,1,123
OID11995,PID2076,A159,EMP1036,C1286,21-02-2021,1,1522
OID12026,PID2025,A133,EMP1027,C1637,09-01-2021,1,667
OID12039,PID2081,A172,EMP1004,C1011,24-02-2021,1,1566
OID12042,PID2077,A162,EMP1032,C1367,27-02-2021,3,530
OID12046,PID2033,A115,EMP1026,C1120,05-01-2021,1,2182
OID12060,PID2076,A135,EMP1037,C1300,15-02-2021,1,1522
OID12066,PID2078,A171,EMP1010,C1183,09-01-2021,1,1798
OID12073,PID2090,A128,EMP1013,C1475,10-03-2021,1,1338
OID12111,PID2029,A122,EMP1027,C1063,17-01-2021,1,1848
OID12113,PID2008,A103,EMP1034,C1125,05-01-2021,1,315
OID12123,PID2050,A104,EMP1003,C1070,26-02-2021,4,2391
OID12148,PID2095,A116,EMP1044,C1359,06-01-2021,2,1743
OID12155,PID2064,A135,EMP1019,C1334,18-01-2021,4,1414
OID12168,PID2068,A140,EMP1007,C1669,12-01-2021,1,1500
OID12169,PID2080,A101,EMP1022,C1784,11-02-2021,1,2353
OID12182,PID2008,A163,EMP1010,C1160,13-01-2021,1,315
OID12207,PID2003,A125,EMP1017,C1340,28-01-2021,3,1783
OID12215,PID2064,A132,EMP1040,C1717,20-02-2021,2,1414
OID12223,PID2036,A172,EMP1025,C1724,23-02-2021,1,1582
OID12235,PID2057,A106,EMP1015,C1020,16-01-2021,1,181
OID12253,PID2061,A115,EMP1044,C1286,05-02-2021,3,913
OID12261,PID2050,A157,EMP1043,C1672,05-02-2021,1,2391
OID12288,PID2044,A166,EMP1013,C1368,13-02-2021,2,886
OID12296,PID2024,A172,EMP1034,C1496,18-01-2021,3,356
OID12305,PID2005,A100,EMP1005,C1395,15-02-2021,1,684
OID12356,PID2100,A116,EMP1043,C1513,05-03-2021,2,799
OID12359,PID2010,A146,EMP1013,C1263,13-02-2021,4,1812
OID12362,PID2062,A108,EMP1002,C1640,05-03-2021,1,2464
OID12369,PID2008,A113,EMP1036,C1762,20-02-2021,1,315
OID12380,PID2039,A124,EMP1031,C1615,26-01-2021,4,817
OID12391,PID2039,A116,EMP1016,C1357,06-02-2021,1,817
OID12418,PID2007,A118,EMP1000,C1148,11-01-2021,1,1405
OID12420,PID2048,A105,EMP1005,C1423,12-02-2021,1,502
OID12463,PID2041,A172,EMP1038,C1177,13-03-2021,1,1380
OID12477,PID2044,A125,EMP1019,C1035,03-01-2021,1,886
OID12486,PID2058,A171,EMP1004,C1368,02-03-2021,3,2257
OID12497,PID2018,A111,EMP1024,C1709,15-02-2021,2,1972
OID12500,PID2060,A122,EMP1007,C1713,11-02-2021,3,1467
OID12501,PID2011,A165,EMP1041,C1015,29-01-2021,3,530
OID12503,PID2077,A150,EMP1025,C1267,10-02-2021,1,530
OID12506,PID2033,A148,EMP1014,C1775,10-02-2021,4,2182
OID12511,PID2078,A161,EMP1008,C1561,04-02-2021,2,1798
OID12517,PID2044,A147,EMP1027,C1369,07-02-2021,2,886
OID12518,PID2053,A107,EMP1034,C1343,07-02-2021,2,596
OID12543,PID2021,A106,EMP1012,C1635,16-01-2021,3,217
OID12563,PID2038,A171,EMP1029,C1628,02-01-2021,3,392
OID12566,PID2044,A156,EMP1039,C1780,04-02-2021,2,886
OID12586,PID2075,A148,EMP1013,C1470,02-01-2021,2,400
OID12602,PID2020,A127,EMP1013,C1210,12-03-2021,1,2005
OID12618,PID2074,A171,EMP1032,C1220,01-02-2021,4,504
OID12624,PID2072,A144,EMP1011,C1064,22-01-2021,4,1887
OID12626,PID2033,A116,EMP1042,C1518,06-02-2021,4,2182
OID12630,PID2076,A140,EMP1006,C1708,10-01-2021,1,1522
OID12636,PID2020,A158,EMP1030,C1032,31-01-2021,3,2005
OID12639,PID2084,A117,EMP1036,C1007,09-01-2021,1,1783
OID12651,PID2005,A150,EMP1002,C1339,24-01-2021,3,684
OID12660,PID2087,A118,EMP1036,C1118,15-01-2021,2,1022
OID12664,PID2035,A163,EMP1028,C1524,06-02-2021,4,458
OID12666,PID2008,A130,EMP1016,C1647,01-03-2021,4,315
OID12695,PID2000,A150,EMP1020,C1071,12-03-2021,4,2241
OID12711,PID2089,A166,EMP1001,C1503,09-03-2021,3,2294
OID12728,PID2005,A101,EMP1032,C1503,06-02-2021,4,684
OID12742,PID2085,A170,EMP1039,C1504,27-01-2021,1,1862
OID12756,PID2016,A156,EMP1013,C1221,19-01-2021,2,1351
OID12758,PID2029,A126,EMP1029,C1157,23-02-2021,1,1848
OID12777,PID2049,A134,EMP1025,C1546,23-01-2021,1,826
OID12779,PID2014,A170,EMP1039,C1061,29-01-2021,4,1809
OID12785,PID2010,A157,EMP1031,C1526,21-02-2021,1,1812
OID12827,PID2045,A148,EMP1016,C1604,23-01-2021,1,556
OID12840,PID2007,A135,EMP1037,C1277,24-02-2021,1,1405
OID12855,PID2011,A135,EMP1038,C1578,24-02-2021,1,530
OID12858,PID2039,A101,EMP1015,C1218,11-02-2021,1,817
OID12899,PID2063,A156,EMP1021,C1048,09-03-2021,2,1708
OID12906,PID2050,A135,EMP1011,C1123,10-03-2021,2,2391
OID12912,PID2049,A129,EMP1027,C1294,04-02-2021,1,826
OID12923,PID2100,A129,EMP1010,C1197,23-02-2021,1,799
OID12947,PID2088,A142,EMP1027,C1389,04-02-2021,3,603
OID12986,PID2062,A147,EMP1006,C1083,11-02-2021,3,2464
OID12990,PID2095,A145,EMP1003,C1151,04-01-2021,1,1743
OID13017,PID2004,A109,EMP1017,C1575,31-01-2021,4,1278
OID13024,PID2060,A125,EMP1021,C1324,01-01-2021,2,1467
OID13026,PID2028,A118,EMP1015,C1523,12-01-2021,1,2283
OID13041,PID2093,A133,EMP1041,C1670,09-02-2021,1,112
OID13045,PID2045,A121,EMP1025,C1210,19-02-2021,2,556
OID13053,PID2008,A162,EMP1007,C1224,14-02-2021,1,315
OID13065,PID2021,A147,EMP1022,C1618,19-02-2021,4,217
OID13090,PID2001,A132,EMP1036,C1454,14-01-2021,1,951
OID13093,PID2077,A123,EMP1027,C1560,19-01-2021,3,530
OID13095,PID2063,A118,EMP1013,C1800,01-03-2021,2,1708
OID13096,PID2031,A104,EMP1034,C1762,10-02-2021,1,1638
OID13106,PID2047,A155,EMP1018,C1434,17-01-2021,1,290
OID13133,PID2034,A167,EMP1019,C1354,19-01-2021,3,871
OID13141,PID2086,A139,EMP1042,C1000,04-01-2021,4,123
OID13148,PID2080,A173,EMP1027,C1054,25-01-2021,4,2353
OID13150,PID2036,A103,EMP1005,C1386,14-02-2021,3,1582
OID13155,PID2040,A147,EMP1021,C1304,08-01-2021,2,1889
OID13159,PID2041,A105,EMP1043,C1782,05-03-2021,4,1380
OID13166,PID2048,A117,EMP1006,C1716,28-02-2021,1,502
OID13178,PID2001,A101,EMP1023,C1106,03-03-2021,1,951
OID13202,PID2048,A166,EMP1025,C1613,14-03-2021,1,502
OID13231,PID2040,A119,EMP1002,C1366,01-02-2021,1,1889
OID13237,PID2035,A148,EMP1018,C1543,03-01-2021,1,458
OID13242,PID2036,A146,EMP1011,C1335,14-03-2021,1,1582
OID13281,PID2014,A157,EMP1012,C1663,10-01-2021,1,1809
OID13298,PID2050,A114,EMP1002,C1658,22-01-2021,1,2391
OID13300,PID2043,A165,EMP1005,C1594,05-03-2021,3,545
OID13315,PID2047,A157,EMP1014,C1320,03-02-2021,2,290
OID13337,PID2049,A140,EMP1039,C1671,08-01-2021,1,826
OID13350,PID2018,A170,EMP1034,C1457,03-03-2021,4,1972
OID13359,PID2074,A132,EMP1024,C1546,10-03-2021,1,504
OID13377,PID2072,A164,EMP1001,C1543,09-03-2021,2,1887
OID13382,PID2073,A165,EMP1006,C1780,01-03-2021,1,95
OID13383,PID2060,A113,EMP1031,C1732,06-02-2021,1,1467
OID13404,PID2058,A157,EMP1026,C1660,13-01-2021,1,2257
OID13412,PID2077,A132,EMP1021,C1706,02-03-2021,1,530
OID13445,PID2085,A152,EMP1000,C1323,05-03-2021,4,1862
OID13447,PID2021,A127,EMP1040,C1046,02-02-2021,1,217
OID13450,PID2055,A132,EMP1024,C1354,08-01-2021,3,2495
OID13454,PID2083,A140,EMP1034,C1480,09-03-2021,1,2141
OID13462,PID2051,A169,EMP1039,C1563,16-02-2021,2,1077
OID13463,PID2065,A164,EMP1004,C1322,31-01-2021,1,2396
OID13469,PID2080,A148,EMP1043,C1065,17-01-2021,1,2353
OID13484,PID2064,A127,EMP1023,C1385,08-01-2021,2,1414
OID13490,PID2097,A111,EMP1013,C1647,16-01-2021,1,1052
OID13493,PID2030,A159,EMP1033,C1664,12-03-2021,1,1899
OID13495,PID2033,A105,EMP1013,C1743,04-03-2021,1,2182
OID13529,PID2064,A114,EMP1021,C1047,20-01-2021,3,1414
OID13545,PID2098,A117,EMP1028,C1001,05-02-2021,1,1178
OID13549,PID2096,A105,EMP1031,C1539,14-03-2021,1,1587
OID13559,PID2079,A126,EMP1032,C1488,28-02-2021,2,1725
OID13595,PID2045,A160,EMP1042,C1327,15-03-2021,1,556
OID13614,PID2004,A124,EMP1036,C1360,07-02-2021,3,1278
OID13630,PID2013,A116,EMP1025,C1640,11-01-2021,2,368
OID13644,PID2020,A162,EMP1013,C1451,27-01-2021,4,2005
OID13669,PID2083,A126,EMP1036,C1264,22-02-2021,1,2141
OID13692,PID2001,A125,EMP1007,C1476,22-02-2021,3,951
OID13695,PID2061,A155,EMP1009,C1506,26-01-2021,3,913
OID13696,PID2094,A150,EMP1016,C1030,08-02-2021,1,771
OID13700,PID2042,A101,EMP1012,C1459,16-01-2021,3,203
OID13709,PID2086,A159,EMP1018,C1777,14-01-2021,3,123
OID13717,PID2055,A155,EMP1009,C1454,28-01-2021,1,2495
OID13724,PID2018,A115,EMP1005,C1573,24-01-2021,2,1972
OID13755,PID2054,A168,EMP1016,C1647,16-01-2021,1,127
OID13768,PID2001,A116,EMP1013,C1372,25-01-2021,1,951
OID13833,PID2079,A120,EMP1012,C1490,18-01-2021,4,1725
OID13862,PID2097,A123,EMP1036,C1038,07-01-2021,1,1052
OID13881,PID2036,A116,EMP1018,C1672,20-02-2021,1,1582
OID13940,PID2066,A136,EMP1039,C1110,30-01-2021,1,2091
OID14002,PID2050,A129,EMP1039,C1365,05-03-2021,1,2391
OID14013,PID2083,A139,EMP1021,C1111,02-02-2021,1,2141
OID14026,PID2022,A115,EMP1017,C1118,07-03-2021,1,561
OID14040,PID2053,A160,EMP1030,C1560,08-02-2021,4,596
OID14048,PID2079,A145,EMP1001,C1792,23-02-2021,4,1725
OID14050,PID2056,A165,EMP1043,C1432,10-03-2021,3,1635
OID14052,PID2067,A139,EMP1030,C1697,13-02-2021,1,1119
OID14097,PID2054,A137,EMP1026,C1125,02-03-2021,3,127
OID14141,PID2080,A173,EMP1028,C1254,17-01-2021,4,2353
OID14178,PID2095,A114,EMP1023,C1253,22-02-2021,2,1743
OID14183,PID2041,A156,EMP1016,C1257,07-03-2021,1,1380
OID14198,PID2002,A149,EMP1037,C1032,06-01-2021,1,847
OID14212,PID2019,A124,EMP1014,C1551,02-01-2021,1,800
OID14219,PID2093,A126,EMP1024,C1279,15-02-2021,2,112
OID14234,PID2062,A166,EMP1025,C1596,05-01-2021,2,2464
OID14243,PID2064,A140,EMP1004,C1166,09-01-2021,3,1414
OID14244,PID2027,A163,EMP1014,C1304,05-02-2021,3,2497
OID14246,PID2050,A121,EMP1040,C1526,06-02-2021,1,2391
OID14253,PID2009,A158,EMP1026,C1166,09-03-2021,1,584
OID14304,PID2002,A138,EMP1027,C1264,06-01-2021,1,847
OID14311,PID2050,A157,EMP1001,C1017,03-02-2021,4,2391
OID14349,PID2067,A171,EMP1038,C1512,18-02-2021,1,1119
OID14359,PID2074,A118,EMP1029,C1695,24-01-2021,1,504
OID14384,PID2085,A123,EMP1015,C1442,17-01-2021,1,1862
OID14418,PID2020,A109,EMP1004,C1687,14-03-2021,1,2005
OID14426,PID2090,A102,EMP1025,C1388,09-03-2021,1,1338
OID14474,PID2021,A132,EMP1019,C1014,09-03-2021,3,217
OID14480,PID2088,A119,EMP1039,C1446,11-03-2021,1,603
OID14481,PID2048,A173,EMP1026,C1629,02-03-2021,3,502
OID14485,PID2008,A134,EMP1013,C1223,04-02-2021,3,315
OID14509,PID2008,A103,EMP1011,C1468,23-01-2021,4,315
OID14512,PID2025,A129,EMP1023,C1525,14-03-2021,2,667
OID14539,PID2098,A114,EMP1013,C1098,08-01-2021,2,1178
OID14548,PID2026,A166,EMP1020,C1136,04-03-2021,1,947
OID14594,PID2014,A145,EMP1039,C1607,01-02-2021,1,1809
OID14609,PID2093,A127,EMP1024,C1303,24-01-2021,2,112
OID14618,PID2051,A113,EMP1003,C1673,16-01-2021,3,1077
OID14628,PID2030,A117,EMP1022,C1662,12-02-2021,1,1899
OID14636,PID2025,A108,EMP1034,C1375,05-03-2021,1,667
OID14638,PID2058,A154,EMP1011,C1342,25-01-2021,2,2257
OID14661,PID2093,A140,EMP1002,C1499,20-01-2021,1,112
OID14688,PID2060,A167,EMP1014,C1792,28-01-2021,1,1467
OID14705,PID2051,A159,EMP1035,C1134,11-03-2021,3,1077
OID14731,PID2053,A121,EMP1014,C1464,01-03-2021,3,596
OID14778,PID2058,A137,EMP1029,C1458,01-01-2021,1,2257
OID14801,PID2035,A165,EMP1023,C1752,12-03-2021,1,458
OID14812,PID2066,A158,EMP1010,C1129,15-03-2021,2,2091
OID14823,PID2049,A145,EMP1032,C1543,17-01-2021,2,826
OID14826,PID2082,A165,EMP1029,C1630,08-03-2021,3,1103
OID14872,PID2060,A138,EMP1029,C1077,01-03-2021,1,1467
OID14899,PID2089,A112,EMP1025,C1215,27-02-2021,2,2294
OID14908,PID2002,A160,EMP1044,C1763,13-01-2021,3,847
OID14911,PID2003,A123,EMP1021,C1306,31-01-2021,4,1783
OID14934,PID2037,A149,EMP1000,C1567,05-03-2021,3,880
OID14969,PID2074,A105,EMP1011,C1190,13-01-2021,3,504
OID15007,PID2005,A141,EMP1041,C1431,10-01-2021,1,684
OID15017,PID2080,A163,EMP1006,C1252,13-03-2021,2,2353
OID15031,PID2091,A147,EMP1005,C1165,13-01-2021,2,368
OID15037,PID2073,A162,EMP1037,C1145,30-01-2021,1,95
OID15052,PID2030,A159,EMP1042,C1499,07-01-2021,4,1899
OID15104,PID2017,A117,EMP1041,C1383,22-01-2021,1,35
OID15120,PID2074,A144,EMP1039,C1673,04-03-2021,1,504
OID15121,PID2038,A105,EMP1025,C1532,24-02-2021,2,392
OID15143,PID2059,A146,EMP1004,C1524,29-01-2021,4,1494
OID15165,PID2073,A163,EMP1001,C1313,18-02-2021,4,95
OID15168,PID2081,A142,EMP1020,C1485,22-01-2021,1,1566
OID15170,PID2023,A100,EMP1020,C1775,26-02-2021,2,818
OID15185,PID2063,A145,EMP1033,C1182,07-02-2021,4,1708
OID15223,PID2032,A165,EMP1035,C1629,02-01-2021,1,1967
OID15239,PID2086,A136,EMP1029,C1194,01-03-2021,1,123
OID15245,PID2088,A100,EMP1010,C1714,28-02-2021,3,603
OID15247,PID2018,A108,EMP1004,C1263,20-01-2021,1,1972
OID15259,PID2044,A126,EMP1021,C1008,12-02-2021,1,886
OID15292,PID2059,A104,EMP1039,C1450,13-03-2021,3,1494
OID15332,PID2076,A112,EMP1026,C1400,10-02-2021,3,1522
OID15344,PID2020,A165,EMP1010,C1616,19-01-2021,1,2005
OID15356,PID2054,A125,EMP1038,C1402,10-03-2021,1,127
OID15368,PID2079,A104,EMP1002,C1641,27-01-2021,1,1725
OID15399,PID2085,A164,EMP1020,C1096,03-02-2021,3,1862
OID15401,PID2099,A151,EMP1027,C1330,10-01-2021,2,1367
OID15446,PID2083,A141,EMP1038,C1034,27-02-2021,1,2141
OID15451,PID2003,A163,EMP1008,C1478,26-02-2021,3,1783
OID15464,PID2074,A139,EMP1011,C1669,29-01-2021,4,504
OID15467,PID2020,A154,EMP1025,C1269,23-02-2021,1,2005
OID15468,PID2040,A143,EMP1038,C1172,25-01-2021,1,1889
OID15474,PID2084,A133,EMP1003,C1213,24-01-2021,1,1783
OID15477,PID2056,A168,EMP1029,C1372,25-01-2021,1,1635
OID15495,PID2023,A148,EMP1033,C1208,23-02-2021,1,818
OID15510,PID2035,A157,EMP1012,C1056,01-03-2021,1,458
OID15512,PID2022,A135,EMP1007,C1096,17-01-2021,1,561
OID15516,PID2001,A110,EMP1017,C1555,05-01-2021,1,951
OID15522,PID2060,A155,EMP1043,C1068,24-02-2021,4,1467
OID15531,PID2039,A126,EMP1040,C1180,08-02-2021,3,817
OID15533,PID2023,A143,EMP1004,C1198,16-01-2021,1,818
OID15538,PID2098,A129,EMP1022,C1220,11-03-2021,4,1178
OID15551,PID2026,A132,EMP1027,C1382,05-03-2021,2,947
OID15563,PID2020,A104,EMP1039,C1080,23-02-2021,1,2005
OID15570,PID2087,A164,EMP1041,C1593,05-03-2021,1,1022
OID15599,PID2080,A164,EMP1043,C1359,02-02-2021,1,2353
OID15607,PID2029,A137,EMP1025,C1043,12-03-2021,2,1848
OID15618,PID2090,A117,EMP1021,C1296,05-03-2021,1,1338
OID15659,PID2036,A123,EMP1044,C1260,23-02-2021,1,1582
OID15683,PID2042,A123,EMP1015,C1109,24-01-2021,1,203
OID15707,PID2077,A145,EMP1009,C1543,02-03-2021,3,530
OID15730,PID2083,A156,EMP1015,C1751,17-01-2021,4,2141
OID15747,PID2023,A136,EMP1027,C1519,03-01-2021,1,818
OID15752,PID2002,A160,EMP1039,C1342,14-03-2021,1,847
OID15756,PID2083,A102,EMP1011,C1538,10-03-2021,1,2141
OID15772,PID2059,A153,EMP1040,C1688,01-02-2021,2,1494
OID15773,PID2100,A120,EMP1013,C1634,10-03-2021,1,799
OID15775,PID2052,A113,EMP1036,C1023,10-01-2021,1,1526
OID15789,PID2031,A168,EMP1038,C1162,26-02-2021,2,1638
OID15802,PID2045,A142,EMP1000,C1590,21-01-2021,1,556
OID15906,PID2042,A170,EMP1018,C1606,07-02-2021,3,203
OID15912,PID2011,A141,EMP1005,C1617,24-02-2021,1,530
OID15923,PID2091,A134,EMP1013,C1480,11-01-2021,1,368
OID15929,PID2080,A122,EMP1039,C1601,01-03-2021,1,2353
OID15934,PID2009,A103,EMP1044,C1436,06-03-2021,2,584
OID15944,PID2052,A119,EMP1031,C1533,06-03-2021,4,1526
OID15955,PID2017,A157,EMP1030,C1147,13-02-2021,1,35
OID15956,PID2003,A161,EMP1022,C1536,01-01-2021,1,1783
OID15959,PID2061,A121,EMP1006,C1029,13-02-2021,3,913
OID15972,PID2095,A114,EMP1013,C1113,24-02-2021,2,1743
OID15978,PID2080,A172,EMP1031,C1361,18-02-2021,1,2353
OID16016,PID2041,A127,EMP1038,C1606,22-01-2021,4,1380
OID16033,PID2045,A157,EMP1017,C1133,07-01-2021,4,556
OID16053,PID2008,A131,EMP1021,C1156,10-02-2021,1,315
OID16063,PID2028,A164,EMP1029,C1510,17-01-2021,1,2283
OID16136,PID2094,A130,EMP1005,C1684,06-02-2021,1,771
OID16142,PID2055,A138,EMP1019,C1126,26-02-2021,3,2495
OID16149,PID2001,A133,EMP1010,C1377,22-02-2021,2,951
OID16151,PID2019,A126,EMP1012,C1774,28-02-2021,1,800
OID16161,PID2078,A124,EMP1042,C1377,13-01-2021,3,1798
OID16169,PID2076,A169,EMP1009,C1720,11-03-2021,1,1522
OID16182,PID2007,A142,EMP1028,C1793,20-01-2021,3,1405
OID16195,PID2035,A156,EMP1001,C1030,24-02-2021,1,458
OID16210,PID2003,A125,EMP1009,C1418,27-02-2021,1,1783
OID16247,PID2010,A102,EMP1033,C1431,12-02-2021,2,1812
OID16248,PID2051,A170,EMP1023,C1092,23-01-2021,1,1077
OID16281,PID2051,A100,EMP1035,C1302,02-02-2021,3,1077
OID16284,PID2073,A124,EMP1038,C1542,09-03-2021,2,95
OID16286,PID2091,A159,EMP1044,C1296,07-03-2021,1,368
OID16302,PID2021,A136,EMP1004,C1185,01-02-2021,4,217
OID16337,PID2007,A155,EMP1020,C1343,05-02-2021,3,1405
OID16338,PID2067,A147,EMP1041,C1525,05-01-2021,1,1119
OID16361,PID2037,A115,EMP1005,C1767,01-02-2021,1,880
OID16362,PID2096,A135,EMP1016,C1335,09-02-2021,1,1587
OID16365,PID2057,A100,EMP1044,C1264,06-01-2021,1,181
OID16369,PID2081,A118,EMP1005,C1677,10-03-2021,1,1566
OID16379,PID2005,A115,EMP1020,C1682,14-01-2021,3,684
OID16407,PID2025,A112,EMP1022,C1663,23-02-2021,4,667
OID16414,PID2000,A159,EMP1038,C1657,05-03-2021,3,2241
OID16439,PID2023,A110,EMP1025,C1795,10-03-2021,1,818
OID16466,PID2010,A111,EMP1007,C1573,07-01-2021,3,1812
OID16497,PID2080,A172,EMP1020,C1560,09-01-2021,3,2353
OID16546,PID2080,A117,EMP1022,C1314,26-01-2021,4,2353
OID16565,PID2084,A136,EMP1000,C1686,21-01-2021,3,1783
OID16567,PID2054,A118,EMP1000,C1439,31-01-2021,4,127
OID16578,PID2088,A109,EMP1040,C1630,15-03-2021,3,603
OID16584,PID2095,A116,EMP1018,C1281,15-02-2021,1,1743
OID16594,PID2034,A147,EMP1044,C1561,06-03-2021,1,871
OID16611,PID2069,A154,EMP1009,C1196,04-01-2021,3,378
OID16680,PID2088,A129,EMP1042,C1107,04-03-2021,1,603
OID16698,PID2057,A115,EMP1023,C1639,16-01-2021,1,181
OID16701,PID2009,A113,EMP1002,C1777,03-03-2021,1,584
OID16706,PID2033,A155,EMP1037,C1078,02-03-2021,3,2182
OID16716,PID2058,A108,EMP1021,C1138,01-03-2021,1,2257
OID16719,PID2024,A112,EMP1028,C1098,26-02-2021,3,356
OID16723,PID2006,A121,EMP1022,C1394,06-01-2021,1,1826
OID16742,PID2091,A134,EMP1036,C1213,02-02-2021,1,368
OID16754,PID2082,A117,EMP1018,C1525,27-01-2021,3,1103
OID16771,PID2005,A100,EMP1040,C1724,12-01-2021,1,684
OID16776,PID2051,A144,EMP1027,C1098,10-02-2021,1,1077
OID16793,PID2063,A133,EMP1041,C1794,17-02-2021,3,1708
OID16805,PID2050,A168,EMP1026,C1192,06-03-2021,1,2391
OID16825,PID2014,A165,EMP1007,C1596,01-02-2021,1,1809
OID16827,PID2086,A128,EMP1022,C1408,07-02-2021,3,123
OID16831,PID2087,A143,EMP1012,C1545,06-01-2021,1,1022
OID16887,PID2067,A169,EMP1018,C1322,19-01-2021,1,1119
OID16937,PID2043,A151,EMP1031,C1622,10-01-2021,3,545
OID16942,PID2003,A154,EMP1044,C1711,04-01-2021,3,1783
OID16944,PID2055,A127,EMP1038,C1657,03-01-2021,3,2495
OID16963,PID2068,A140,EMP1020,C1457,23-01-2021,3,1500
OID16966,PID2083,A117,EMP1015,C1633,09-03-2021,4,2141
OID16981,PID2025,A149,EMP1039,C1752,12-02-2021,2,667
OID16995,PID2087,A115,EMP1028,C1044,13-03-2021,1,1022
OID17005,PID2066,A109,EMP1011,C1099,06-01-2021,3,2091
OID17010,PID2082,A103,EMP1031,C1675,07-02-2021,3,1103
OID17017,PID2021,A145,EMP1033,C1144,26-02-2021,3,217
OID17036,PID2036,A159,EMP1020,C1209,07-02-2021,1,1582
OID17039,PID2000,A127,EMP1013,C1692,13-03-2021,1,2241
OID17065,PID2067,A147,EMP1024,C1325,04-01-2021,2,1119
OID17066,PID2022,A151,EMP1024,C1481,17-01-2021,4,561
OID17075,PID2077,A108,EMP1033,C1304,06-03-2021,1,530
OID17077,PID2064,A114,EMP1027,C1464,11-03-2021,2,1414
OID17112,PID2033,A106,EMP1021,C1014,01-03-2021,1,2182
OID17153,PID2092,A112,EMP1005,C1637,29-01-2021,1,1639
OID17164,PID2056,A130,EMP1029,C1447,05-03-2021,1,1635
OID17182,PID2034,A113,EMP1024,C1720,24-02-2021,1,871
OID17218,PID2066,A162,EMP1025,C1079,16-01-2021,1,2091
OID17227,PID2059,A141,EMP1015,C1515,10-01-2021,3,1494
OID17239,PID2065,A105,EMP1035,C1582,23-01-2021,4,2396
OID17248,PID2048,A134,EMP1028,C1698,14-03-2021,1,502
OID17270,PID2031,A116,EMP1042,C1279,04-02-2021,1,1638
OID17282,PID2082,A149,EMP1044,C1788,08-02-2021,1,1103
OID17308,PID2093,A138,EMP1033,C1199,13-03-2021,1,112
OID17326,PID2078,A114,EMP1025,C1193,22-02-2021,3,1798
OID17328,PID2089,A173,EMP1033,C1088,14-01-2021,1,2294
OID17346,PID2087,A146,EMP1000,C1632,07-01-2021,3,1022
OID17359,PID2041,A118,EMP1002,C1336,23-02-2021,1,1380
OID17367,PID2071,A140,EMP1019,C1152,24-02-2021,2,136
OID17369,PID2074,A132,EMP1039,C1788,11-03-2021,1,504
OID17372,PID2065,A124,EMP1041,C1655,27-02-2021,1,2396
OID17379,PID2068,A117,EMP1019,C1096,05-01-2021,3,1500
OID17381,PID2039,A159,EMP1043,C1204,10-02-2021,1,817
OID17395,PID2044,A167,EMP1018,C1333,02-03-2021,1,886
OID17408,PID2062,A146,EMP1037,C1713,07-02-2021,2,2464
OID17442,PID2027,A139,EMP1012,C1212,15-02-2021,3,2497
OID17476,PID2085,A127,EMP1027,C1321,12-02-2021,4,1862
OID17482,PID2065,A167,EMP1006,C1728,09-03-2021,1,2396
OID17483,PID2015,A116,EMP1011,C1122,08-02-2021,1,637
OID17488,PID2035,A126,EMP1015,C1011,06-03-2021,1,458
OID17493,PID2073,A100,EMP1040,C1371,10-01-2021,3,95
OID17499,PID2087,A116,EMP1010,C1147,20-01-2021,3,1022
OID17514,PID2092,A136,EMP1017,C1454,04-01-2021,4,1639
OID17525,PID2064,A172,EMP1039,C1161,18-02-2021,1,1414
OID17526,PID2095,A155,EMP1028,C1590,09-03-2021,4,1743
OID17536,PID2084,A117,EMP1023,C1101,21-02-2021,1,1783
OID17558,PID2020,A151,EMP1030,C1351,14-03-2021,2,2005
OID17592,PID2067,A139,EMP1019,C1627,29-01-2021,1,1119
OID17608,PID2044,A122,EMP1006,C1450,31-01-2021,1,886
OID17632,PID2078,A115,EMP1037,C1703,05-03-2021,4,1798
OID17648,PID2075,A169,EMP1024,C1597,14-03-2021,1,400
OID17651,PID2092,A111,EMP1026,C1077,20-01-2021,2,1639
OID17658,PID2049,A111,EMP1018,C1707,13-02-2021,3,826
OID17675,PID2051,A104,EMP1020,C1384,16-01-2021,3,1077
OID17683,PID2017,A146,EMP1027,C1721,02-01-2021,1,35
OID17690,PID2061,A126,EMP1003,C1049,20-02-2021,3,913
OID17717,PID2093,A117,EMP1000,C1658,22-01-2021,2,112
OID17729,PID2032,A113,EMP1034,C1091,05-02-2021,2,1967
OID17748,PID2060,A163,EMP1027,C1620,02-01-2021,1,1467
OID17754,PID2005,A115,EMP1038,C1519,09-03-2021,4,684
OID17756,PID2019,A122,EMP1004,C1307,02-02-2021,4,800
OID17760,PID2100,A108,EMP1037,C1469,13-01-2021,3,799
OID17787,PID2007,A145,EMP1008,C1637,08-03-2021,1,1405
OID17792,PID2045,A155,EMP1016,C1125,07-01-2021,1,556
OID17809,PID2066,A111,EMP1043,C1726,07-01-2021,2,2091
OID17820,PID2100,A168,EMP1029,C1002,09-02-2021,1,799
OID17834,PID2058,A129,EMP1041,C1068,20-02-2021,1,2257
OID17846,PID2078,A131,EMP1024,C1174,24-02-2021,2,1798
OID17860,PID2044,A113,EMP1006,C1499,14-02-2021,4,886
OID17913,PID2019,A123,EMP1036,C1000,13-02-2021,2,800
OID17977,PID2023,A107,EMP1015,C1529,10-03-2021,1,818
OID18005,PID2028,A138,EMP1043,C1040,15-02-2021,4,2283
OID18010,PID2014,A131,EMP1008,C1497,07-03-2021,2,1809
OID18031,PID2031,A144,EMP1042,C1021,12-02-2021,1,1638
OID18033,PID2084,A108,EMP1042,C1698,08-02-2021,1,1783
OID18047,PID2085,A168,EMP1040,C1165,05-01-2021,2,1862
OID18066,PID2001,A149,EMP1018,C1357,15-03-2021,1,951
OID18076,PID2052,A153,EMP1004,C1498,15-01-2021,1,1526
OID18081,PID2069,A108,EMP1017,C1002,13-03-2021,1,378
OID18118,PID2000,A107,EMP1030,C1296,25-02-2021,2,2241
OID18134,PID2007,A112,EMP1023,C1576,15-01-2021,1,1405
OID18185,PID2050,A159,EMP1004,C1692,09-01-2021,2,2391
OID18194,PID2001,A168,EMP1016,C1604,05-01-2021,1,951
OID18206,PID2013,A157,EMP1022,C1011,24-02-2021,3,368
OID18248,PID2064,A150,EMP1016,C1113,02-02-2021,3,1414
OID18277,PID2080,A123,EMP1021,C1377,19-01-2021,1,2353
OID18291,PID2082,A168,EMP1014,C1756,08-01-2021,2,1103
OID18303,PID2066,A141,EMP1043,C1570,07-02-2021,3,2091
OID18328,PID2073,A114,EMP1029,C1239,18-02-2021,4,95
OID18352,PID2083,A123,EMP1035,C1058,11-03-2021,1,2141
OID18361,PID2071,A151,EMP1000,C1530,22-01-2021,1,136
OID18391,PID2095,A100,EMP1015,C1123,22-02-2021,4,1743
OID18428,PID2062,A137,EMP1022,C1756,23-02-2021,3,2464
OID18442,PID2078,A111,EMP1037,C1556,01-02-2021,1,1798
OID18450,PID2041,A142,EMP1040,C1117,04-02-2021,1,1380
OID18454,PID2095,A131,EMP1004,C1775,04-01-2021,3,1743
OID18471,PID2086,A110,EMP1032,C1533,26-02-2021,4,123
OID18496,PID2067,A126,EMP1017,C1566,10-03-2021,3,1119
OID18507,PID2035,A164,EMP1036,C1079,20-02-2021,3,458
OID18519,PID2070,A172,EMP1018,C1747,21-01-2021,2,1671
OID18525,PID2023,A165,EMP1019,C1752,05-03-2021,1,818
OID18534,PID2060,A167,EMP1008,C1013,10-03-2021,1,1467
OID18541,PID2039,A146,EMP1024,C1702,04-01-2021,1,817
OID18596,PID2086,A145,EMP1006,C1137,24-02-2021,1,123
OID18600,PID2037,A152,EMP1009,C1245,31-01-2021,1,880
OID18608,PID2076,A157,EMP1022,C1207,24-01-2021,1,1522
OID18610,PID2087,A131,EMP1029,C1681,13-01-2021,1,1022
OID18633,PID2074,A171,EMP1035,C1022,14-01-2021,1,504
OID18636,PID2043,A112,EMP1037,C1289,15-03-2021,3,545
OID18658,PID2055,A147,EMP1021,C1196,16-01-2021,1,2495
OID18672,PID2058,A133,EMP1022,C1079,09-01-2021,3,2257
OID18678,PID2028,A145,EMP1018,C1121,05-03-2021,3,2283
OID18710,PID2093,A108,EMP1001,C1011,05-01-2021,1,112
OID18798,PID2043,A101,EMP1002,C1441,14-01-2021,1,545
OID18803,PID2090,A127,EMP1034,C1344,03-03-2021,1,1338
OID18806,PID2092,A128,EMP1043,C1778,14-01-2021,1,1639
OID18817,PID2043,A118,EMP1012,C1262,22-01-2021,2,545
OID18825,PID2032,A157,EMP1031,C1678,09-02-2021,3,1967
OID18826,PID2052,A135,EMP1040,C1377,22-02-2021,3,1526
OID18829,PID2011,A101,EMP1029,C1449,03-01-2021,1,530
OID18831,PID2072,A102,EMP1018,C1634,04-01-2021,2,1887
OID18836,PID2085,A161,EMP1018,C1342,11-03-2021,1,1862
OID18837,PID2072,A140,EMP1034,C1509,04-03-2021,4,1887
OID18857,PID2088,A116,EMP1037,C1545,22-01-2021,3,603
OID18921,PID2031,A125,EMP1043,C1138,28-02-2021,3,1638
OID18936,PID2080,A134,EMP1044,C1758,08-03-2021,2,2353
OID18951,PID2040,A172,EMP1040,C1709,27-02-2021,1,1889
OID18974,PID2049,A137,EMP1009,C1487,05-03-2021,3,826
OID18975,PID2058,A160,EMP1031,C1707,07-01-2021,1,2257
OID18987,PID2061,A114,EMP1011,C1155,13-03-2021,1,913
OID18994,PID2015,A149,EMP1004,C1033,09-03-2021,1,637
OID19003,PID2077,A114,EMP1030,C1398,22-01-2021,1,530
OID19022,PID2065,A146,EMP1016,C1508,03-03-2021,1,2396
OID19052,PID2075,A158,EMP1009,C1434,23-02-2021,1,400
OID19082,PID2040,A151,EMP1003,C1260,24-01-2021,1,1889
OID19091,PID2023,A121,EMP1016,C1190,18-02-2021,1,818
OID19097,PID2007,A127,EMP1017,C1724,05-01-2021,1,1405
OID19098,PID2058,A146,EMP1016,C1318,27-01-2021,3,2257
OID19102,PID2034,A119,EMP1026,C1350,07-03-2021,1,871
OID19118,PID2096,A144,EMP1026,C1363,31-01-2021,1,1587
OID19161,PID2034,A129,EMP1033,C1749,11-02-2021,1,871
OID19168,PID2046,A167,EMP1025,C1530,08-02-2021,1,2410
OID19173,PID2002,A142,EMP1024,C1102,13-03-2021,2,847
OID19182,PID2029,A116,EMP1017,C1365,21-02-2021,1,1848
OID19206,PID2054,A105,EMP1037,C1584,11-01-2021,4,127
OID19225,PID2028,A137,EMP1009,C1236,03-03-2021,3,2283
OID19267,PID2076,A152,EMP1039,C1209,01-02-2021,1,1522
OID19272,PID2017,A135,EMP1006,C1308,22-02-2021,2,35
OID19274,PID2071,A170,EMP1003,C1756,05-03-2021,4,136
OID19276,PID2015,A135,EMP1040,C1087,07-01-2021,1,637
OID19308,PID2095,A114,EMP1034,C1393,13-01-2021,4,1743
OID19332,PID2012,A147,EMP1002,C1021,07-03-2021,4,1353
OID19352,PID2098,A143,EMP1040,C1711,08-02-2021,2,1178
OID19353,PID2017,A132,EMP1022,C1000,24-02-2021,1,35
OID19387,PID2043,A173,EMP1003,C1317,22-01-2021,1,545
OID19413,PID2004,A168,EMP1003,C1789,19-01-2021,4,1278
OID19433,PID2028,A114,EMP1014,C1162,20-02-2021,1,2283
OID19435,PID2012,A168,EMP1019,C1459,15-03-2021,1,1353
OID19440,PID2077,A145,EMP1012,C1348,07-02-2021,4,530
OID19449,PID2028,A151,EMP1029,C1153,28-02-2021,3,2283
OID19455,PID2080,A151,EMP1018,C1331,03-02-2021,1,2353
OID19503,PID2093,A154,EMP1022,C1655,25-01-2021,3,112
OID19512,PID2073,A142,EMP1019,C1410,11-02-2021,1,95
OID19520,PID2028,A138,EMP1039,C1377,13-02-2021,1,2283
OID19530,PID2081,A121,EMP1033,C1724,14-01-2021,1,1566
OID19537,PID2098,A116,EMP1029,C1044,01-03-2021,1,1178
OID19554,PID2013,A133,EMP1044,C1536,25-01-2021,2,368
OID19560,PID2077,A142,EMP1012,C1571,05-01-2021,3,530
OID19571,PID2095,A128,EMP1015,C1671,07-03-2021,2,1743
OID19573,PID2071,A102,EMP1004,C1751,15-03-2021,1,136
OID19603,PID2000,A121,EMP1010,C1031,07-02-2021,3,2241
OID19605,PID2018,A106,EMP1035,C1229,01-01-2021,1,1972
OID19626,PID2003,A106,EMP1005,C1259,07-03-2021,3,1783
OID19646,PID2040,A146,EMP1035,C1292,01-03-2021,1,1889
OID19655,PID2000,A173,EMP1032,C1279,02-02-2021,1,2241
OID19686,PID2021,A162,EMP1006,C1243,14-02-2021,3,217
OID19720,PID2023,A156,EMP1035,C1720,16-02-2021,1,818
OID19743,PID2059,A173,EMP1027,C1130,19-02-2021,3,1494
OID19755,PID2011,A163,EMP1006,C1062,07-03-2021,4,530
OID19762,PID2086,A143,EMP1017,C1736,06-02-2021,1,123
OID19763,PID2088,A120,EMP1034,C1404,18-01-2021,4,603
OID19789,PID2007,A170,EMP1021,C1131,11-01-2021,2,1405
OID19790,PID2039,A149,EMP1030,C1725,24-01-2021,2,817
OID19791,PID2087,A147,EMP1028,C1371,01-03-2021,3,1022
OID19795,PID2076,A110,EMP1039,C1707,31-01-2021,1,1522
OID19799,PID2077,A133,EMP1003,C1524,04-02-2021,2,530
OID19817,PID2015,A170,EMP1026,C1538,24-02-2021,3,637
OID19834,PID2003,A145,EMP1025,C1234,14-01-2021,4,1783
OID19835,PID2092,A154,EMP1010,C1719,17-02-2021,4,1639
OID19842,PID2013,A131,EMP1041,C1751,31-01-2021,4,368
OID19855,PID2065,A125,EMP1005,C1103,09-03-2021,1,2396
OID19857,PID2039,A119,EMP1043,C1789,05-03-2021,1,817
OID19861,PID2071,A129,EMP1036,C1160,15-01-2021,3,136
OID19868,PID2040,A122,EMP1019,C1117,16-02-2021,1,1889
OID19878,PID2070,A141,EMP1000,C1783,12-03-2021,3,1671
OID19880,PID2013,A162,EMP1040,C1124,05-02-2021,1,368
OID19906,PID2069,A154,EMP1041,C1400,08-01-2021,1,378
OID19913,PID2036,A111,EMP1044,C1382,01-03-2021,1,1582
OID19935,PID2003,A143,EMP1005,C1658,07-02-2021,1,1783
OID19975,PID2088,A112,EMP1013,C1765,03-02-2021,4,603
OID19996,PID2031,A116,EMP1019,C1433,28-02-2021,1,1638
OID19999,PID2020,A122,EMP1038,C1430,07-01-2021,3,2005
OID20005,PID2055,A151,EMP1031,C1488,19-02-2021,1,2495
OID20017,PID2018,A160,EMP1030,C1043,14-03-2021,1,1972
OID20020,PID2022,A142,EMP1039,C1766,11-02-2021,3,561
OID20035,PID2015,A147,EMP1016,C1685,10-03-2021,4,637
OID20041,PID2055,A156,EMP1021,C1070,09-03-2021,1,2495
OID20042,PID2013,A127,EMP1007,C1347,04-02-2021,2,368
OID20083,PID2093,A124,EMP1031,C1184,17-01-2021,1,112
OID20122,PID2092,A154,EMP1029,C1619,04-01-2021,1,1639
OID20133,PID2000,A147,EMP1023,C1325,03-02-2021,3,2241
OID20145,PID2056,A171,EMP1011,C1090,02-02-2021,4,1635
OID20153,PID2070,A107,EMP1006,C1655,13-01-2021,1,1671
OID20172,PID2061,A121,EMP1041,C1521,14-03-2021,1,913
OID20222,PID2033,A114,EMP1007,C1105,11-02-2021,1,2182
OID20258,PID2066,A138,EMP1037,C1752,21-02-2021,2,2091
OID20265,PID2062,A114,EMP1005,C1164,13-03-2021,3,2464
OID20268,PID2094,A173,EMP1036,C1289,14-01-2021,2,771
OID20270,PID2009,A117,EMP1010,C1724,26-02-2021,1,584
OID20274,PID2035,A122,EMP1041,C1016,02-02-2021,3,458
OID20275,PID2045,A107,EMP1009,C1186,05-03-2021,4,556
OID20286,PID2055,A145,EMP1009,C1342,16-01-2021,1,2495
OID20293,PID2044,A137,EMP1038,C1118,16-01-2021,4,886
OID20322,PID2033,A122,EMP1042,C1255,20-02-2021,2,2182
OID20330,PID2020,A132,EMP1040,C1753,06-01-2021,1,2005
OID20337,PID2082,A132,EMP1004,C1248,06-01-2021,1,1103
OID20353,PID2060,A125,EMP1023,C1455,27-02-2021,1,1467
OID20378,PID2076,A102,EMP1022,C1100,07-01-2021,2,1522
OID20393,PID2033,A160,EMP1041,C1449,09-02-2021,2,2182
OID20399,PID2002,A146,EMP1033,C1551,02-03-2021,3,847
OID20414,PID2084,A145,EMP1009,C1384,24-01-2021,1,1783
OID20417,PID2078,A156,EMP1028,C1566,13-01-2021,2,1798
OID20418,PID2009,A151,EMP1034,C1063,18-02-2021,1,584
OID20426,PID2047,A137,EMP1043,C1392,19-01-2021,1,290
OID20452,PID2015,A168,EMP1012,C1039,03-03-2021,3,637
OID20454,PID2071,A106,EMP1012,C1174,13-02-2021,3,136
OID20473,PID2099,A127,EMP1039,C1505,16-02-2021,1,1367
OID20488,PID2036,A104,EMP1038,C1350,09-02-2021,2,1582
OID20501,PID2013,A127,EMP1030,C1444,25-02-2021,2,368
OID20509,PID2005,A157,EMP1039,C1532,09-01-2021,4,684
OID20527,PID2033,A152,EMP1008,C1706,04-03-2021,1,2182
OID20546,PID2007,A140,EMP1032,C1531,03-03-2021,1,1405
OID20553,PID2073,A112,EMP1012,C1154,03-01-2021,1,95
OID20568,PID2030,A114,EMP1031,C1508,26-01-2021,1,1899
OID20599,PID2028,A152,EMP1017,C1676,21-02-2021,4,2283
OID20616,PID2070,A102,EMP1043,C1092,10-03-2021,1,1671
OID20641,PID2064,A138,EMP1025,C1164,19-02-2021,1,1414
OID20657,PID2075,A139,EMP1034,C1209,20-02-2021,1,400
OID20673,PID2056,A153,EMP1022,C1695,15-01-2021,1,1635
OID20679,PID2053,A173,EMP1007,C1773,02-03-2021,2,596
OID20683,PID2007,A162,EMP1024,C1590,09-01-2021,2,1405
OID20699,PID2066,A169,EMP1004,C1772,16-01-2021,4,2091
OID20711,PID2098,A140,EMP1016,C1523,29-01-2021,2,1178
OID20723,PID2010,A146,EMP1043,C1584,04-02-2021,2,1812
OID20728,PID2035,A102,EMP1018,C1129,11-02-2021,1,458
OID20734,PID2046,A160,EMP1005,C1636,20-01-2021,1,2410
OID20750,PID2071,A115,EMP1017,C1559,12-01-2021,1,136
OID20763,PID2095,A115,EMP1008,C1034,30-01-2021,1,1743
OID20800,PID2081,A133,EMP1033,C1348,21-01-2021,1,1566
OID20825,PID2067,A120,EMP1004,C1392,18-01-2021,2,1119
OID20835,PID2022,A156,EMP1029,C1097,15-01-2021,2,561
OID20855,PID2047,A103,EMP1016,C1620,23-02-2021,3,290
OID20863,PID2049,A148,EMP1018,C1000,08-03-2021,3,826
OID20884,PID2049,A170,EMP1030,C1542,25-02-2021,3,826
OID20904,PID2016,A163,EMP1030,C1512,17-02-2021,1,1351
OID20939,PID2017,A155,EMP1021,C1416,04-03-2021,1,35
OID20986,PID2055,A112,EMP1044,C1007,13-03-2021,1,2495
OID20992,PID2084,A147,EMP1004,C1709,28-01-2021,1,1783
OID21001,PID2004,A156,EMP1016,C1324,29-01-2021,1,1278
OID21024,PID2060,A105,EMP1007,C1789,29-01-2021,2,1467
OID21042,PID2010,A116,EMP1010,C1357,23-02-2021,1,1812
OID21065,PID2097,A170,EMP1006,C1287,08-01-2021,1,1052
OID21079,PID2086,A158,EMP1033,C1714,07-03-2021,1,123
OID21086,PID2053,A161,EMP1043,C1016,08-03-2021,2,596
OID21126,PID2000,A150,EMP1038,C1506,06-02-2021,1,2241
OID21127,PID2041,A172,EMP1044,C1179,09-01-2021,3,1380
OID21135,PID2047,A132,EMP1042,C1773,23-02-2021,2,290
OID21153,PID2042,A172,EMP1035,C1507,01-02-2021,1,203
OID21164,PID2027,A169,EMP1018,C1658,26-01-2021,1,2497
OID21172,PID2029,A124,EMP1033,C1424,04-03-2021,1,1848
OID21174,PID2039,A102,EMP1035,C1185,22-02-2021,1,817
OID21198,PID2046,A131,EMP1024,C1095,02-02-2021,1,2410
OID21201,PID2080,A113,EMP1014,C1383,19-01-2021,4,2353
OID21215,PID2055,A102,EMP1002,C1402,25-01-2021,1,2495
OID21223,PID2099,A153,EMP1003,C1273,16-02-2021,1,1367
OID21242,PID2001,A162,EMP1025,C1538,14-03-2021,1,951
OID21244,PID2054,A101,EMP1041,C1753,19-02-2021,1,127
OID21251,PID2024,A120,EMP1014,C1061,08-02-2021,1,356
OID21269,PID2015,A100,EMP1033,C1407,23-02-2021,1,637
OID21282,PID2090,A118,EMP1018,C1223,27-02-2021,2,1338
OID21292,PID2094,A113,EMP1011,C1688,15-03-2021,1,771
OID21338,PID2026,A101,EMP1020,C1603,01-02-2021,1,947
OID21382,PID2056,A152,EMP1007,C1777,19-02-2021,1,1635
OID21385,PID2095,A138,EMP1044,C1303,02-01-2021,1,1743
OID21393,PID2060,A120,EMP1039,C1160,03-01-2021,1,1467
OID21402,PID2015,A142,EMP1038,C1451,23-02-2021,4,637
OID21408,PID2081,A134,EMP1028,C1376,07-03-2021,1,1566
OID21412,PID2082,A148,EMP1012,C1361,10-03-2021,2,1103
OID21416,PID2064,A107,EMP1023,C1681,19-01-2021,3,1414
OID21423,PID2040,A172,EMP1018,C1578,06-03-2021,1,1889
OID21447,PID2090,A104,EMP1043,C1123,25-02-2021,1,1338
OID21460,PID2094,A133,EMP1031,C1525,06-02-2021,2,771
OID21471,PID2047,A157,EMP1039,C1449,15-02-2021,1,290
OID21478,PID2039,A132,EMP1022,C1625,24-02-2021,1,817
OID21479,PID2046,A160,EMP1040,C1317,13-01-2021,1,2410
OID21493,PID2032,A165,EMP1007,C1080,05-03-2021,1,1967
OID21521,PID2063,A131,EMP1041,C1103,01-03-2021,1,1708
OID21536,PID2067,A137,EMP1018,C1003,29-01-2021,1,1119
OID21581,PID2050,A143,EMP1010,C1146,17-02-2021,1,2391
OID21589,PID2086,A101,EMP1013,C1725,24-01-2021,3,123
OID21606,PID2061,A141,EMP1034,C1539,08-03-2021,1,913
OID21628,PID2092,A129,EMP1044,C1335,02-02-2021,1,1639
OID21644,PID2040,A158,EMP1031,C1322,03-03-2021,1,1889
OID21663,PID2013,A142,EMP1024,C1270,02-03-2021,3,368
OID21678,PID2080,A158,EMP1008,C1332,16-01-2021,1,2353
OID21722,PID2055,A144,EMP1009,C1044,03-03-2021,1,2495
OID21760,PID2034,A116,EMP1033,C1301,25-02-2021,3,871
OID21763,PID2067,A157,EMP1044,C1176,02-03-2021,2,1119
OID21772,PID2056,A101,EMP1038,C1123,05-02-2021,2,1635
OID21793,PID2051,A124,EMP1025,C1680,03-01-2021,1,1077
OID21798,PID2040,A109,EMP1036,C1367,09-01-2021,3,1889
OID21802,PID2075,A172,EMP1033,C1067,03-03-2021,4,400
OID21840,PID2023,A127,EMP1016,C1057,27-02-2021,1,818
OID21845,PID2062,A132,EMP1037,C1353,03-02-2021,1,2464
OID21857,PID2076,A173,EMP1003,C1252,28-02-2021,2,1522
OID21883,PID2077,A104,EMP1013,C1001,28-01-2021,2,530
OID21916,PID2081,A108,EMP1009,C1232,24-02-2021,1,1566
OID21953,PID2041,A141,EMP1037,C1127,06-01-2021,2,1380
OID21954,PID2017,A110,EMP1004,C1555,05-02-2021,3,35
OID21996,PID2061,A120,EMP1014,C1560,03-03-2021,1,913
OID22029,PID2057,A148,EMP1033,C1433,20-02-2021,3,181
OID22031,PID2046,A108,EMP1034,C1604,04-02-2021,3,2410
OID22036,PID2083,A137,EMP1015,C1687,24-01-2021,1,2141
OID22039,PID2059,A123,EMP1022,C1301,01-02-2021,1,1494
OID22055,PID2029,A133,EMP1028,C1451,04-01-2021,1,1848
OID22067,PID2025,A143,EMP1001,C1669,08-01-2021,1,667
OID22071,PID2083,A106,EMP1003,C1543,01-03-2021,1,2141
OID22084,PID2043,A121,EMP1008,C1643,13-02-2021,3,545
OID22088,PID2057,A154,EMP1010,C1798,16-02-2021,1,181
OID22137,PID2076,A145,EMP1038,C1328,29-01-2021,1,1522
OID22161,PID2079,A146,EMP1018,C1115,08-03-2021,3,1725
OID22176,PID2038,A152,EMP1044,C1774,01-02-2021,1,392
OID22179,PID2056,A164,EMP1039,C1375,07-02-2021,2,1635
OID22180,PID2057,A166,EMP1002,C1116,03-01-2021,1,181
OID22187,PID2081,A150,EMP1017,C1722,07-01-2021,1,1566
OID22189,PID2027,A118,EMP1031,C1523,13-03-2021,1,2497
OID22199,PID2018,A122,EMP1026,C1624,15-03-2021,2,1972
OID22200,PID2010,A101,EMP1027,C1693,09-02-2021,1,1812
OID22202,PID2030,A142,EMP1000,C1322,20-01-2021,1,1899
OID22205,PID2002,A173,EMP1012,C1382,10-01-2021,3,847
OID22288,PID2043,A138,EMP1041,C1775,24-02-2021,3,545
OID22289,PID2021,A110,EMP1016,C1177,12-01-2021,1,217
OID22314,PID2030,A145,EMP1029,C1576,02-03-2021,3,1899
OID22385,PID2054,A129,EMP1004,C1699,14-02-2021,2,127
OID22394,PID2068,A131,EMP1016,C1733,23-01-2021,1,1500
OID22407,PID2034,A122,EMP1025,C1712,06-03-2021,4,871
OID22409,PID2044,A147,EMP1033,C1182,29-01-2021,2,886
OID22413,PID2041,A141,EMP1007,C1234,17-01-2021,1,1380
OID22416,PID2084,A159,EMP1018,C1021,29-01-2021,3,1783
OID22431,PID2057,A126,EMP1017,C1638,26-01-2021,3,181
OID22437,PID2078,A109,EMP1040,C1115,06-03-2021,4,1798
OID22453,PID2015,A138,EMP1017,C1759,02-03-2021,3,637
OID22471,PID2035,A151,EMP1015,C1568,15-01-2021,3,458
OID22475,PID2045,A121,EMP1035,C1339,05-03-2021,3,556
OID22491,PID2032,A165,EMP1009,C1232,21-02-2021,3,1967
OID22506,PID2061,A127,EMP1014,C1059,09-03-2021,1,913
OID22548,PID2047,A115,EMP1029,C1725,04-01-2021,1,290
OID22549,PID2016,A137,EMP1038,C1596,28-01-2021,1,1351
OID22583,PID2072,A167,EMP1002,C1237,13-03-2021,1,1887
OID22586,PID2052,A122,EMP1017,C1135,16-02-2021,1,1526
OID22608,PID2026,A115,EMP1016,C1246,16-02-2021,4,947
OID22634,PID2045,A128,EMP1022,C1349,16-01-2021,4,556
OID22655,PID2094,A111,EMP1030,C1255,21-02-2021,2,771
OID22715,PID2062,A157,EMP1044,C1198,24-02-2021,3,2464
OID22725,PID2025,A164,EMP1019,C1779,11-02-2021,2,667
OID22736,PID2002,A143,EMP1003,C1432,05-01-2021,3,847
OID22747,PID2055,A137,EMP1009,C1491,17-02-2021,4,2495
OID22750,PID2042,A105,EMP1044,C1144,06-02-2021,1,203
OID22782,PID2009,A110,EMP1002,C1458,13-03-2021,2,584
OID22797,PID2003,A110,EMP1004,C1364,22-01-2021,1,1783
OID22838,PID2028,A160,EMP1006,C1013,15-01-2021,4,2283
OID22879,PID2007,A124,EMP1021,C1465,11-02-2021,2,1405
OID22885,PID2083,A144,EMP1009,C1539,24-02-2021,1,2141
OID22904,PID2099,A160,EMP1010,C1134,25-02-2021,1,1367
OID22922,PID2091,A125,EMP1006,C1418,14-01-2021,2,368
OID22926,PID2020,A137,EMP1016,C1445,20-02-2021,3,2005
OID22932,PID2012,A171,EMP1041,C1742,11-02-2021,1,1353
OID22939,PID2094,A116,EMP1034,C1065,03-02-2021,1,771
OID22943,PID2090,A128,EMP1044,C1512,12-02-2021,2,1338
OID22947,PID2028,A132,EMP1025,C1165,25-01-2021,4,2283
OID22976,PID2065,A108,EMP1030,C1323,04-01-2021,1,2396
OID22985,PID2075,A139,EMP1007,C1359,21-02-2021,2,400
OID22989,PID2013,A109,EMP1012,C1752,08-02-2021,1,368
OID23013,PID2018,A120,EMP1013,C1346,08-03-2021,3,1972
OID23035,PID2086,A100,EMP1008,C1587,02-01-2021,4,123
OID23039,PID2075,A123,EMP1000,C1091,13-03-2021,3,400
OID23045,PID2020,A129,EMP1023,C1117,07-03-2021,1,2005
OID23052,PID2065,A100,EMP1004,C1037,07-03-2021,1,2396
OID23078,PID2002,A165,EMP1027,C1452,22-02-2021,1,847
OID23079,PID2033,A162,EMP1004,C1364,26-02-2021,4,2182
OID23084,PID2032,A106,EMP1040,C1490,19-02-2021,1,1967
OID23086,PID2034,A153,EMP1032,C1708,06-03-2021,2,871
OID23090,PID2004,A120,EMP1016,C1681,08-02-2021,4,1278
OID23143,PID2036,A119,EMP1010,C1043,26-02-2021,1,1582
OID23181,PID2044,A121,EMP1026,C1021,06-03-2021,1,886
OID23188,PID2093,A139,EMP1024,C1748,14-01-2021,1,112
OID23229,PID2093,A161,EMP1028,C1416,07-01-2021,3,112
OID23255,PID2084,A154,EMP1006,C1371,16-01-2021,3,1783
OID23265,PID2090,A158,EMP1041,C1291,05-01-2021,1,1338
OID23283,PID2023,A106,EMP1041,C1314,14-01-2021,1,818
OID23284,PID2021,A110,EMP1001,C1561,28-02-2021,3,217
OID23287,PID2084,A158,EMP1039,C1704,15-01-2021,2,1783
OID23313,PID2005,A152,EMP1014,C1584,06-01-2021,3,684
OID23320,PID2051,A115,EMP1002,C1236,03-03-2021,2,1077
OID23334,PID2091,A143,EMP1005,C1036,17-01-2021,1,368
OID23361,PID2034,A125,EMP1041,C1529,15-03-2021,3,871
OID23391,PID2089,A128,EMP1002,C1533,19-02-2021,3,2294
OID23392,PID2027,A121,EMP1029,C1053,11-02-2021,4,2497
OID23400,PID2083,A160,EMP1039,C1510,26-01-2021,2,2141
OID23404,PID2078,A103,EMP1014,C1235,14-02-2021,1,1798
OID23413,PID2068,A172,EMP1032,C1512,28-02-2021,4,1500
OID23420,PID2066,A126,EMP1024,C1701,28-02-2021,1,2091
OID23440,PID2023,A116,EMP1018,C1160,11-02-2021,1,818
OID23464,PID2069,A145,EMP1002,C1657,11-02-2021,3,378
OID23483,PID2018,A150,EMP1011,C1532,21-02-2021,1,1972
OID23517,PID2003,A121,EMP1038,C1077,30-01-2021,1,1783
OID23536,PID2033,A126,EMP1014,C1081,27-02-2021,2,2182
OID23541,PID2033,A135,EMP1014,C1620,20-01-2021,1,2182
OID23548,PID2009,A137,EMP1040,C1011,31-01-2021,2,584
OID23550,PID2081,A113,EMP1000,C1272,07-03-2021,2,1566
OID23557,PID2080,A122,EMP1012,C1178,22-01-2021,1,2353
OID23560,PID2091,A163,EMP1005,C1495,18-02-2021,1,368
OID23562,PID2079,A135,EMP1041,C1232,19-01-2021,1,1725
OID23567,PID2025,A152,EMP1032,C1122,11-01-2021,1,667
OID23568,PID2043,A142,EMP1020,C1148,13-03-2021,1,545
OID23575,PID2095,A170,EMP1039,C1052,20-01-2021,2,1743
OID23606,PID2087,A150,EMP1030,C1785,04-02-2021,2,1022
OID23619,PID2046,A152,EMP1038,C1760,11-02-2021,3,2410
OID23645,PID2023,A168,EMP1007,C1728,28-02-2021,2,818
OID23646,PID2046,A173,EMP1012,C1404,07-01-2021,1,2410
OID23683,PID2055,A172,EMP1028,C1091,19-02-2021,4,2495
OID23706,PID2068,A127,EMP1013,C1147,29-01-2021,3,1500
OID23727,PID2047,A160,EMP1005,C1418,17-02-2021,3,290
OID23740,PID2056,A146,EMP1027,C1113,19-01-2021,1,1635
OID23753,PID2007,A129,EMP1019,C1535,25-01-2021,1,1405
OID23756,PID2062,A129,EMP1030,C1210,03-01-2021,4,2464
OID23762,PID2072,A100,EMP1021,C1337,14-03-2021,1,1887
OID23800,PID2065,A171,EMP1009,C1578,24-02-2021,4,2396
OID23805,PID2003,A165,EMP1015,C1385,23-01-2021,1,1783
OID23836,PID2000,A123,EMP1019,C1698,04-01-2021,1,2241
OID23848,PID2094,A132,EMP1010,C1348,08-02-2021,1,771
OID23866,PID2060,A110,EMP1036,C1688,25-02-2021,1,1467
OID23890,PID2060,A123,EMP1031,C1140,15-01-2021,1,1467
OID23912,PID2083,A140,EMP1034,C1097,23-01-2021,1,2141
OID23927,PID2070,A168,EMP1004,C1729,07-02-2021,4,1671
OID23931,PID2062,A110,EMP1016,C1084,08-01-2021,1,2464
OID23964,PID2021,A113,EMP1044,C1347,04-03-2021,1,217
OID23970,PID2022,A145,EMP1028,C1255,31-01-2021,2,561
OID23979,PID2055,A139,EMP1039,C1223,05-03-2021,3,2495
OID23991,PID2074,A119,EMP1041,C1320,04-03-2021,2,504
OID24002,PID2066,A128,EMP1011,C1710,05-03-2021,1,2091
OID24018,PID2028,A137,EMP1020,C1686,13-01-2021,4,2283
OID24033,PID2037,A104,EMP1014,C1758,20-02-2021,2,880
OID24036,PID2042,A172,EMP1010,C1261,11-03-2021,1,203
OID24051,PID2079,A169,EMP1023,C1447,26-01-2021,1,1725
OID24066,PID2016,A106,EMP1041,C1344,24-02-2021,1,1351
OID24069,PID2046,A121,EMP1005,C1290,17-02-2021,1,2410
OID24073,PID2048,A117,EMP1026,C1740,14-03-2021,1,502
OID24082,PID2055,A170,EMP1012,C1535,02-02-2021,2,2495
OID24088,PID2091,A161,EMP1042,C1353,03-01-2021,1,368
OID24090,PID2009,A172,EMP1037,C1443,06-03-2021,1,584
OID24091,PID2074,A172,EMP1037,C1552,12-02-2021,3,504
OID24109,PID2065,A155,EMP1011,C1445,26-01-2021,1,2396
OID24124,PID2035,A133,EMP1043,C1686,25-02-2021,4,458
OID24129,PID2012,A110,EMP1022,C1284,05-02-2021,4,1353
OID24143,PID2057,A149,EMP1043,C1623,04-03-2021,2,181
OID24146,PID2077,A115,EMP1034,C1370,08-03-2021,3,530
OID24152,PID2023,A147,EMP1004,C1793,02-02-2021,1,818
OID24199,PID2094,A102,EMP1011,C1423,10-02-2021,2,771
OID24206,PID2022,A163,EMP1017,C1059,15-01-2021,2,561
OID24221,PID2056,A163,EMP1031,C1580,10-03-2021,1,1635
OID24237,PID2057,A109,EMP1017,C1785,27-02-2021,1,181
OID24247,PID2066,A152,EMP1017,C1155,21-02-2021,2,2091
OID24251,PID2078,A124,EMP1024,C1479,07-03-2021,1,1798
OID24256,PID2069,A170,EMP1025,C1513,07-01-2021,1,378
OID24271,PID2077,A102,EMP1000,C1325,28-01-2021,1,530
OID24301,PID2100,A125,EMP1026,C1318,06-01-2021,1,799
OID24304,PID2048,A102,EMP1002,C1713,05-02-2021,1,502
OID24320,PID2094,A173,EMP1023,C1073,22-02-2021,1,771
OID24322,PID2057,A159,EMP1035,C1235,20-01-2021,1,181
OID24327,PID2075,A157,EMP1002,C1084,13-02-2021,1,400
OID24336,PID2016,A150,EMP1040,C1203,13-01-2021,2,1351
OID24340,PID2081,A134,EMP1012,C1724,26-01-2021,1,1566
OID24356,PID2053,A113,EMP1012,C1319,03-03-2021,2,596
OID24361,PID2048,A154,EMP1001,C1409,14-03-2021,1,502
OID24366,PID2021,A119,EMP1043,C1655,06-01-2021,2,217
OID24399,PID2076,A119,EMP1027,C1356,01-02-2021,1,1522
OID24403,PID2027,A171,EMP1042,C1351,01-02-2021,1,2497
OID24426,PID2069,A104,EMP1010,C1068,12-03-2021,1,378
OID24429,PID2005,A154,EMP1021,C1713,13-02-2021,1,684
OID24482,PID2083,A151,EMP1041,C1779,17-01-2021,4,2141
OID24490,PID2078,A160,EMP1034,C1688,02-03-2021,3,1798
OID24510,PID2004,A156,EMP1000,C1779,27-02-2021,4,1278
OID24527,PID2053,A164,EMP1032,C1715,15-03-2021,3,596
OID24537,PID2023,A116,EMP1020,C1706,01-03-2021,1,818
OID24567,PID2031,A106,EMP1036,C1257,07-03-2021,1,1638
OID24570,PID2003,A164,EMP1004,C1614,07-03-2021,2,1783
OID24596,PID2016,A136,EMP1043,C1173,28-02-2021,2,1351
OID24597,PID2019,A151,EMP1001,C1748,01-01-2021,1,800
OID24604,PID2021,A120,EMP1040,C1078,28-02-2021,2,217
OID24639,PID2019,A162,EMP1002,C1587,11-02-2021,2,800
OID24641,PID2065,A147,EMP1009,C1518,05-01-2021,1,2396
OID24671,PID2090,A127,EMP1044,C1471,28-01-2021,3,1338
OID24684,PID2095,A154,EMP1013,C1568,30-01-2021,1,1743
OID24734,PID2018,A154,EMP1034,C1045,18-02-2021,1,1972
OID24750,PID2043,A108,EMP1023,C1306,12-01-2021,2,545
OID24762,PID2048,A104,EMP1038,C1652,13-03-2021,3,502
OID24771,PID2062,A115,EMP1036,C1084,13-02-2021,3,2464
OID24782,PID2009,A122,EMP1003,C1157,19-01-2021,2,584
OID24784,PID2086,A102,EMP1006,C1737,08-03-2021,2,123
OID24786,PID2019,A134,EMP1025,C1305,15-03-2021,2,800
OID24787,PID2087,A141,EMP1027,C1142,07-02-2021,2,1022
OID24800,PID2069,A152,EMP1015,C1476,17-01-2021,3,378
OID24833,PID2058,A148,EMP1008,C1261,19-01-2021,1,2257
OID24843,PID2083,A168,EMP1011,C1445,15-02-2021,4,2141
OID24928,PID2000,A116,EMP1020,C1318,10-03-2021,3,2241
OID24929,PID2050,A169,EMP1021,C1369,06-02-2021,4,2391
OID24950,PID2048,A107,EMP1008,C1472,12-03-2021,1,502
OID24973,PID2006,A149,EMP1036,C1095,15-02-2021,1,1826
OID24977,PID2060,A169,EMP1038,C1446,08-03-2021,1,1467
OID24980,PID2076,A148,EMP1007,C1140,28-01-2021,2,1522
